{"cameraMode":{"drawMode":0,"name":"Shaded","section":"Shading Mode"},"sceneLighting":false,"audioPlay":false,"sceneViewState":{"m_AlwaysRefresh":false,"showFog":true,"showSkybox":false,"showFlares":true,"showImageEffects":true,"showParticleSystems":true,"showVisualEffectGraphs":true,"m_FxEnabled":true},"in2DMode":false,"pivot":{"x":4.216050148010254,"y":0.19587144255638123,"z":0.008290708065032959},"rotation":{"x":-0.1005650982260704,"y":-0.038198817521333697,"z":0.0038639381527900697,"w":-0.9941898584365845},"size":1.5130939483642579,"orthographic":false}